date,serie_ativa,trades
2026-09-01,WINV26,5781016
2026-09-02,WINV26,6148231
2026-09-03,WINV26,5821205
2026-09-04,WINV26,5287536
2026-09-07,WINV26,0
2026-09-08,WINV26,5919322
2026-09-09,WINV26,5842599
2026-09-10,WINV26,6262194
2026-09-11,WINV26,5687907
2026-09-14,WINV26,6159521
2026-09-15,WINV26,5681509
2026-09-16,WINV26,5972540
2026-09-17,WINV26,5674760
2026-09-18,WINV26,5051438
2026-09-21,WINV26,5268240
2026-09-22,WINV26,5412726
2026-09-23,WINV26,6164014
2026-09-24,WINV26,6165264
2026-09-25,WINV26,5431789
2026-09-28,WINV26,5581733
2026-09-29,WINV26,5414340
2026-09-30,WINV26,6696260
